-- MySQL dump 10.13  Distrib 8.0.34, for Win64 (x86_64)
--
-- Host: 127.0.0.1    Database: datapenyimpanan
-- ------------------------------------------------------
-- Server version	8.0.35

/*!40101 SET @OLD_CHARACTER_SET_CLIENT=@@CHARACTER_SET_CLIENT */;
/*!40101 SET @OLD_CHARACTER_SET_RESULTS=@@CHARACTER_SET_RESULTS */;
/*!40101 SET @OLD_COLLATION_CONNECTION=@@COLLATION_CONNECTION */;
/*!50503 SET NAMES utf8 */;
/*!40103 SET @OLD_TIME_ZONE=@@TIME_ZONE */;
/*!40103 SET TIME_ZONE='+00:00' */;
/*!40014 SET @OLD_UNIQUE_CHECKS=@@UNIQUE_CHECKS, UNIQUE_CHECKS=0 */;
/*!40014 SET @OLD_FOREIGN_KEY_CHECKS=@@FOREIGN_KEY_CHECKS, FOREIGN_KEY_CHECKS=0 */;
/*!40101 SET @OLD_SQL_MODE=@@SQL_MODE, SQL_MODE='NO_AUTO_VALUE_ON_ZERO' */;
/*!40111 SET @OLD_SQL_NOTES=@@SQL_NOTES, SQL_NOTES=0 */;

--
-- Table structure for table `detaildoc`
--

DROP TABLE IF EXISTS `detaildoc`;
/*!40101 SET @saved_cs_client     = @@character_set_client */;
/*!50503 SET character_set_client = utf8mb4 */;
CREATE TABLE `detaildoc` (
  `DOCNO` varchar(20) NOT NULL,
  `ID` int NOT NULL,
  `SUBTOTAL` decimal(20,2) DEFAULT NULL,
  `TEXT` varchar(50) DEFAULT NULL,
  PRIMARY KEY (`DOCNO`,`ID`)
) ENGINE=InnoDB DEFAULT CHARSET=utf8mb4 COLLATE=utf8mb4_0900_ai_ci;
/*!40101 SET character_set_client = @saved_cs_client */;

--
-- Dumping data for table `detaildoc`
--

LOCK TABLES `detaildoc` WRITE;
/*!40000 ALTER TABLE `detaildoc` DISABLE KEYS */;
INSERT INTO `detaildoc` VALUES ('1000100/1001/04/2025',1,1000.00,'Item 1'),('1000100/1001/04/2025',2,2000.00,'Item 2'),('1000100/1001/04/2025',3,3000.00,'Item 3'),('1000100/1001/04/2025',4,4000.00,'Item 4'),('1000100/1003/04/2025',1,1000.00,'Item 1'),('1000100/1003/04/2025',2,2000.00,'Item 2'),('1000100/1003/04/2025',3,3000.00,'Item 3'),('1000100/1003/04/2025',4,4000.00,'Item 4'),('1000100/1004/04/2025',1,1000.00,'Item 1'),('1000100/1004/04/2025',2,2000.00,'Item 2'),('1000100/1004/04/2025',3,3000.00,'Item 3'),('1000100/1004/04/2025',4,4000.00,'Item 4'),('1000100/1006/04/2025',1,2000000.00,'Pinjam bayar kredit Motor'),('1000100/1006/04/2025',2,5000000.00,'Pinjam bayar KPR Rumah'),('1000100/1006/04/2025',3,350000.00,'Pinjam bayar tagihan WIFI'),('1000100/1007/04/2025',1,2000000.00,'Pinjam bayar kredit Motor'),('1000100/1007/04/2025',2,5000000.00,'Pinjam bayar KPR Rumah'),('1000100/1007/04/2025',3,350000.00,'Pinjam bayar tagihan WIFI'),('1000100/1009/04/2025',1,6000000.00,'cicilan rumah'),('1000100/1009/04/2025',2,6000000.00,'bayar operasi'),('1000100/1011/04/2025',1,1000000.00,'Biaya Operasi'),('1000100/1011/04/2025',2,1200000.00,'Biaya sewa rumah'),('1000100/1011/05/2025',1,2000000.00,'bayar spp sekolah'),('1000100/1012/05/2025',1,15000000.00,'Biaya operasi'),('1000100/1012/05/2025',2,9000000.00,'Biaya rawat inap'),('1000100/1013/05/2025',1,16000000.00,'bayar biaya kuliah'),('1000101/1002/04/2025',1,1000.00,'Item 1'),('1000101/1002/04/2025',2,2000.00,'Item 2'),('1000101/1002/04/2025',3,3000.00,'Item 3'),('1000101/1002/04/2025',4,4000.00,'Item 4'),('1000101/1005/04/2025',1,1000.00,'Item 1'),('1000101/1005/04/2025',2,2000.00,'Item 2'),('1000101/1005/04/2025',3,3000.00,'Item 3'),('1000101/1005/04/2025',4,4000.00,'Item 4'),('1000104/1008/04/2025',1,5000000.00,'buat mobil'),('1000104/1008/04/2025',2,6000000.00,'buat rumah'),('1000104/1009/04/2025',1,10000000.00,'cicilan KPR rumah '),('1000104/1009/04/2025',2,5000000.00,'cicilan mobil'),('1000105/1014/05/2025',1,5000000.00,'Bayar biaya operasi kecelakaan'),('1000105/1014/05/2025',2,2000000.00,'Bayar biaya obat');
/*!40000 ALTER TABLE `detaildoc` ENABLE KEYS */;
UNLOCK TABLES;

--
-- Table structure for table `headerdoc`
--

DROP TABLE IF EXISTS `headerdoc`;
/*!40101 SET @saved_cs_client     = @@character_set_client */;
/*!50503 SET character_set_client = utf8mb4 */;
CREATE TABLE `headerdoc` (
  `DOCNO` varchar(20) NOT NULL,
  `CREATORID` int DEFAULT NULL,
  `CREATORNAME` varchar(20) DEFAULT NULL,
  `PAYERID` int DEFAULT NULL,
  `PAYERNAME` varchar(20) DEFAULT NULL,
  `CREATEDDATE` datetime DEFAULT NULL,
  `ALLTOTAL` decimal(20,2) DEFAULT NULL,
  `STATUS` varchar(20) DEFAULT NULL,
  `BUNGA` int DEFAULT NULL,
  PRIMARY KEY (`DOCNO`)
) ENGINE=InnoDB DEFAULT CHARSET=utf8mb4 COLLATE=utf8mb4_0900_ai_ci;
/*!40101 SET character_set_client = @saved_cs_client */;

--
-- Dumping data for table `headerdoc`
--

LOCK TABLES `headerdoc` WRITE;
/*!40000 ALTER TABLE `headerdoc` DISABLE KEYS */;
INSERT INTO `headerdoc` VALUES ('1000100/1001/04/2025',1000100,'MM000100',2000100,'MG000100','2025-04-14 00:00:00',10000.00,'REJECTED',10),('1000100/1003/04/2025',1000100,'MM000100',2000100,'MG000100','2025-04-19 00:00:00',10000.00,'REJECTED',10),('1000100/1004/04/2025',1000100,'MM000100',2000100,'MG000100','2025-04-19 00:00:00',10000.00,'REJECTED',10),('1000100/1006/04/2025',1000100,'MM000100',1000101,'MM000101','2025-04-22 00:00:00',7350000.00,'CLOSED',10),('1000100/1007/04/2025',1000100,'MM000100',1000101,'MM000101','2025-04-27 00:00:00',7350000.00,'OPEN',10),('1000100/1009/04/2025',1000100,'MM000100',4000100,'MP000100','2025-04-27 00:00:00',12000000.00,'REJECTED',10),('1000100/1011/04/2025',1000100,'MM000100',4000100,'MP000100','2025-04-28 00:00:00',2200000.00,'APPROVED',10),('1000100/1011/05/2025',1000100,'MM000100',4000100,'MP000100','2025-05-02 00:00:00',2000000.00,'OPEN',10),('1000100/1012/05/2025',1000100,'MM000100',4000100,'MP000100','2025-05-02 00:00:00',24000000.00,'REJECTED',5),('1000100/1013/05/2025',1000100,'MM000100',4000100,'MP000100','2025-05-02 00:00:00',16000000.00,'REJECTED',14),('1000101/1002/04/2025',1000101,'MM000101',2000100,'MG000100','2025-04-14 00:00:00',10000.00,'REJECTED',10),('1000101/1005/04/2025',1000101,'MM000101',2000100,'MG000100','2025-04-21 00:00:00',10000.00,'REJECTED',10),('1000104/1008/04/2025',1000104,'MM000104',2000100,'MG000100','2025-04-27 00:00:00',11000000.00,'REJECTED',10),('1000104/1009/04/2025',1000104,'MM000104',4000100,'MP000100','2025-04-28 00:00:00',15000000.00,'CLOSED',10),('1000104/1010/04/2025',1000104,'MM000104',4000100,'MP000100','2025-04-28 00:00:00',10000000.00,'OPEN',10),('1000105/1014/05/2025',1000105,'Admin1',4000101,'Pegawai1','2025-05-04 15:51:31',7000000.00,'CLOSED',5);
/*!40000 ALTER TABLE `headerdoc` ENABLE KEYS */;
UNLOCK TABLES;

--
-- Table structure for table `payment`
--

DROP TABLE IF EXISTS `payment`;
/*!40101 SET @saved_cs_client     = @@character_set_client */;
/*!50503 SET character_set_client = utf8mb4 */;
CREATE TABLE `payment` (
  `DOCNO` varchar(20) NOT NULL,
  `ID` int NOT NULL,
  `TOTAL` decimal(20,2) DEFAULT NULL,
  `MAXPAYMENTDATE` date DEFAULT NULL,
  `PAYMENTDATE` date DEFAULT NULL,
  `STATUS` varchar(255) DEFAULT NULL,
  PRIMARY KEY (`DOCNO`,`ID`)
) ENGINE=InnoDB DEFAULT CHARSET=utf8mb4 COLLATE=utf8mb4_0900_ai_ci;
/*!40101 SET character_set_client = @saved_cs_client */;

--
-- Dumping data for table `payment`
--

LOCK TABLES `payment` WRITE;
/*!40000 ALTER TABLE `payment` DISABLE KEYS */;
INSERT INTO `payment` VALUES ('1000100/1001/04/2025',1,0.00,'2025-05-01',NULL,'UNPAID'),('1000100/1001/04/2025',2,0.00,'2025-06-01',NULL,'UNPAID'),('1000100/1001/04/2025',3,0.00,'2025-07-01',NULL,'UNPAID'),('1000100/1001/04/2025',4,0.00,'2025-08-01',NULL,'UNPAID'),('1000100/1003/04/2025',1,0.00,'2025-05-01',NULL,'UNPAID'),('1000100/1003/04/2025',2,0.00,'2025-06-01',NULL,'UNPAID'),('1000100/1003/04/2025',3,0.00,'2025-07-01',NULL,'UNPAID'),('1000100/1003/04/2025',4,0.00,'2025-08-01',NULL,'UNPAID'),('1000100/1004/04/2025',1,1000.00,'2025-05-01',NULL,'UNPAID'),('1000100/1004/04/2025',2,2000.00,'2025-06-01',NULL,'UNPAID'),('1000100/1004/04/2025',3,3000.00,'2025-07-01',NULL,'UNPAID'),('1000100/1004/04/2025',4,4000.00,'2025-08-01',NULL,'UNPAID'),('1000100/1006/04/2025',1,1514393.00,'2025-05-01','2025-04-23','PAID'),('1000100/1006/04/2025',2,1514393.00,'2025-06-01','2025-04-23','PAID'),('1000100/1006/04/2025',3,1514393.00,'2025-07-01','2025-04-23','PAID'),('1000100/1006/04/2025',4,1514393.00,'2025-08-01','2025-04-23','PAID'),('1000100/1006/04/2025',5,1514393.00,'2025-09-01','2025-04-23','PAID'),('1000100/1007/04/2025',1,1514393.00,'2025-05-01',NULL,'UNPAID'),('1000100/1007/04/2025',2,1514393.00,'2025-06-01',NULL,'UNPAID'),('1000100/1007/04/2025',3,1514393.00,'2025-07-01',NULL,'UNPAID'),('1000100/1007/04/2025',4,1514393.00,'2025-08-01',NULL,'UNPAID'),('1000100/1007/04/2025',5,1514393.00,'2025-09-01',NULL,'UNPAID'),('1000100/1009/04/2025',1,1284037.00,'2025-05-31',NULL,'UNPAID'),('1000100/1009/04/2025',2,1284037.00,'2025-06-30',NULL,'UNPAID'),('1000100/1009/04/2025',3,1284037.00,'2025-07-31',NULL,'UNPAID'),('1000100/1009/04/2025',4,1284037.00,'2025-08-31',NULL,'UNPAID'),('1000100/1009/04/2025',5,1284037.00,'2025-09-30',NULL,'UNPAID'),('1000100/1009/04/2025',6,1284037.00,'2025-10-31',NULL,'UNPAID'),('1000100/1009/04/2025',7,1284037.00,'2025-11-30',NULL,'UNPAID'),('1000100/1009/04/2025',8,1284037.00,'2025-12-31',NULL,'UNPAID'),('1000100/1009/04/2025',9,1284037.00,'2026-01-31',NULL,'UNPAID'),('1000100/1009/04/2025',10,1284037.00,'2026-02-28',NULL,'UNPAID'),('1000100/1011/04/2025',1,188336.00,'2025-05-31',NULL,'UNPAID'),('1000100/1011/04/2025',2,188336.00,'2025-06-30',NULL,'UNPAID'),('1000100/1011/04/2025',3,188336.00,'2025-07-31',NULL,'UNPAID'),('1000100/1011/04/2025',4,188336.00,'2025-08-31',NULL,'UNPAID'),('1000100/1011/04/2025',5,188336.00,'2025-09-30',NULL,'UNPAID'),('1000100/1011/04/2025',6,188336.00,'2025-10-31',NULL,'UNPAID'),('1000100/1011/04/2025',7,188336.00,'2025-11-30',NULL,'UNPAID'),('1000100/1011/04/2025',8,188336.00,'2025-12-31',NULL,'UNPAID'),('1000100/1011/04/2025',9,188336.00,'2026-01-31',NULL,'UNPAID'),('1000100/1011/04/2025',10,188336.00,'2026-02-28',NULL,'UNPAID'),('1000100/1011/04/2025',11,188336.00,'2026-03-31',NULL,'UNPAID'),('1000100/1011/04/2025',12,188336.00,'2026-04-30',NULL,'UNPAID'),('1000100/1011/05/2025',1,672230.00,'2025-05-31',NULL,'UNPAID'),('1000100/1011/05/2025',2,672230.00,'2025-06-30',NULL,'UNPAID'),('1000100/1011/05/2025',3,672230.00,'2025-07-31',NULL,'UNPAID'),('1000100/1012/05/2025',1,2455343.00,'2025-06-30',NULL,'UNPAID'),('1000100/1012/05/2025',2,2455343.00,'2025-07-30',NULL,'UNPAID'),('1000100/1012/05/2025',3,2455343.00,'2025-08-30',NULL,'UNPAID'),('1000100/1012/05/2025',4,2455343.00,'2025-09-30',NULL,'UNPAID'),('1000100/1012/05/2025',5,2455343.00,'2025-10-30',NULL,'UNPAID'),('1000100/1012/05/2025',6,2455343.00,'2025-11-30',NULL,'UNPAID'),('1000100/1012/05/2025',7,2455343.00,'2025-12-30',NULL,'UNPAID'),('1000100/1012/05/2025',8,2455343.00,'2026-01-30',NULL,'UNPAID'),('1000100/1012/05/2025',9,2455343.00,'2026-02-28',NULL,'UNPAID'),('1000100/1012/05/2025',10,2455343.00,'2026-03-30',NULL,'UNPAID'),('1000100/1013/05/2025',1,2776608.00,'2025-07-31',NULL,'UNPAID'),('1000100/1013/05/2025',2,2776608.00,'2025-08-31',NULL,'UNPAID'),('1000100/1013/05/2025',3,2776608.00,'2025-09-30',NULL,'UNPAID'),('1000100/1013/05/2025',4,2776608.00,'2025-10-31',NULL,'UNPAID'),('1000100/1013/05/2025',5,2776608.00,'2025-11-30',NULL,'UNPAID'),('1000100/1013/05/2025',6,2776608.00,'2025-12-31',NULL,'UNPAID'),('1000101/1002/04/2025',1,0.00,'2025-05-01',NULL,'UNPAID'),('1000101/1002/04/2025',2,0.00,'2025-06-01',NULL,'UNPAID'),('1000101/1002/04/2025',3,0.00,'2025-07-01',NULL,'UNPAID'),('1000101/1002/04/2025',4,0.00,'2025-08-01',NULL,'UNPAID'),('1000101/1005/04/2025',1,1000.00,'2025-05-01',NULL,'UNPAID'),('1000101/1005/04/2025',2,2000.00,'2025-06-01',NULL,'UNPAID'),('1000101/1005/04/2025',3,3000.00,'2025-07-01',NULL,'UNPAID'),('1000101/1005/04/2025',4,4000.00,'2025-08-01',NULL,'UNPAID'),('1000104/1008/04/2025',1,1177034.00,'2025-05-01',NULL,'UNPAID'),('1000104/1008/04/2025',2,1177034.00,'2025-06-01',NULL,'UNPAID'),('1000104/1008/04/2025',3,1177034.00,'2025-07-01',NULL,'UNPAID'),('1000104/1008/04/2025',4,1177034.00,'2025-08-01',NULL,'UNPAID'),('1000104/1008/04/2025',5,1177034.00,'2025-09-01',NULL,'UNPAID'),('1000104/1008/04/2025',6,1177034.00,'2025-10-01',NULL,'UNPAID'),('1000104/1008/04/2025',7,1177034.00,'2025-11-01',NULL,'UNPAID'),('1000104/1008/04/2025',8,1177034.00,'2025-12-01',NULL,'UNPAID'),('1000104/1008/04/2025',9,1177034.00,'2026-01-01',NULL,'UNPAID'),('1000104/1008/04/2025',10,1177034.00,'2026-02-01',NULL,'UNPAID'),('1000104/1009/04/2025',1,1353875.00,'2025-06-30','2025-04-28','PAID'),('1000104/1009/04/2025',2,1353875.00,'2025-07-30',NULL,'UNPAID'),('1000104/1009/04/2025',3,1353875.00,'2025-08-30',NULL,'UNPAID'),('1000104/1009/04/2025',4,1353875.00,'2025-09-30',NULL,'UNPAID'),('1000104/1009/04/2025',5,1353875.00,'2025-10-30',NULL,'UNPAID'),('1000104/1009/04/2025',6,1353875.00,'2025-11-30',NULL,'UNPAID'),('1000104/1009/04/2025',7,1353875.00,'2025-12-30',NULL,'UNPAID'),('1000104/1009/04/2025',8,1353875.00,'2026-01-30',NULL,'UNPAID'),('1000104/1009/04/2025',9,1353875.00,'2026-02-28',NULL,'UNPAID'),('1000104/1009/04/2025',10,1353875.00,'2026-03-30',NULL,'UNPAID'),('1000104/1009/04/2025',11,1353875.00,'2026-04-30',NULL,'UNPAID'),('1000104/1009/04/2025',12,1353875.00,'2026-05-30',NULL,'UNPAID'),('1000105/1014/05/2025',1,1417549.00,'2025-06-30','2025-05-04','PAID'),('1000105/1014/05/2025',2,1417549.00,'2025-07-30',NULL,'UNPAID'),('1000105/1014/05/2025',3,1417549.00,'2025-08-30',NULL,'UNPAID'),('1000105/1014/05/2025',4,1417549.00,'2025-09-30',NULL,'UNPAID'),('1000105/1014/05/2025',5,1417549.00,'2025-10-30',NULL,'UNPAID');
/*!40000 ALTER TABLE `payment` ENABLE KEYS */;
UNLOCK TABLES;

--
-- Table structure for table `users`
--

DROP TABLE IF EXISTS `users`;
/*!40101 SET @saved_cs_client     = @@character_set_client */;
/*!50503 SET character_set_client = utf8mb4 */;
CREATE TABLE `users` (
  `IDUSER` int NOT NULL AUTO_INCREMENT,
  `USERNAME` varchar(20) DEFAULT NULL,
  `PASSWORD` varchar(10) DEFAULT NULL,
  `ROLE` varchar(10) DEFAULT NULL,
  `STATUS` int DEFAULT NULL,
  PRIMARY KEY (`IDUSER`)
) ENGINE=InnoDB AUTO_INCREMENT=4000102 DEFAULT CHARSET=utf8mb4 COLLATE=utf8mb4_0900_ai_ci;
/*!40101 SET character_set_client = @saved_cs_client */;

--
-- Dumping data for table `users`
--

LOCK TABLES `users` WRITE;
/*!40000 ALTER TABLE `users` DISABLE KEYS */;
INSERT INTO `users` VALUES (1000100,'MM000100','idk','ADMIN',1),(1000101,'MM000101','idk','ADMIN',1),(1000102,'MM000102','idk','Manager',1),(1000103,'MM000103','idk','Manager',1),(1000104,'MM000104','idk','ADMIN',1),(1000105,'Admin1','ad1','ADMIN',1),(2000100,'MG000100','idk','PEGAWAI',0),(3000100,'MA000100','app0','Manager',1),(3000101,'MA000101','app1','Manager',1),(3000102,'MA000102','app2','Manager',1),(3000103,'MA000103','app3','Manager',1),(3000104,'MA000104','app4','Manager',1),(3000105,'Manager1','mg1','Manager',1),(3000106,'Manager2','mg2','Manager',1),(3000107,'Manager3','mg3','Manager',1),(4000100,'MP000100','pke0','Pegawai',1),(4000101,'Pegawai1','pw1','Pegawai',1);
/*!40000 ALTER TABLE `users` ENABLE KEYS */;
UNLOCK TABLES;

--
-- Table structure for table `usersaccess`
--

DROP TABLE IF EXISTS `usersaccess`;
/*!40101 SET @saved_cs_client     = @@character_set_client */;
/*!50503 SET character_set_client = utf8mb4 */;
CREATE TABLE `usersaccess` (
  `IDUSER` int NOT NULL,
  `APPROVE` int DEFAULT NULL,
  `REJECT` int DEFAULT NULL,
  `VIEWALL` int DEFAULT NULL,
  `PAY` int DEFAULT NULL,
  PRIMARY KEY (`IDUSER`)
) ENGINE=InnoDB DEFAULT CHARSET=utf8mb4 COLLATE=utf8mb4_0900_ai_ci;
/*!40101 SET character_set_client = @saved_cs_client */;

--
-- Dumping data for table `usersaccess`
--

LOCK TABLES `usersaccess` WRITE;
/*!40000 ALTER TABLE `usersaccess` DISABLE KEYS */;
INSERT INTO `usersaccess` VALUES (1000100,0,0,1,1),(1000101,0,0,1,1),(1000102,0,0,1,1),(1000103,0,0,1,1),(1000104,0,0,0,1),(1000105,0,0,1,1),(2000100,0,0,0,0),(3000100,1,1,0,0),(3000101,1,1,0,0),(3000102,1,1,0,0),(3000103,1,1,0,0),(3000104,1,1,0,0),(3000105,1,1,0,0),(3000106,1,1,0,0),(3000107,1,1,0,0),(4000100,1,1,0,0),(4000101,1,1,0,0);
/*!40000 ALTER TABLE `usersaccess` ENABLE KEYS */;
UNLOCK TABLES;

--
-- Table structure for table `userstoken`
--

DROP TABLE IF EXISTS `userstoken`;
/*!40101 SET @saved_cs_client     = @@character_set_client */;
/*!50503 SET character_set_client = utf8mb4 */;
CREATE TABLE `userstoken` (
  `USERNAME` varchar(20) NOT NULL,
  `TOKEN` varchar(200) DEFAULT NULL,
  PRIMARY KEY (`USERNAME`)
) ENGINE=InnoDB DEFAULT CHARSET=utf8mb4 COLLATE=utf8mb4_0900_ai_ci;
/*!40101 SET character_set_client = @saved_cs_client */;

--
-- Dumping data for table `userstoken`
--

LOCK TABLES `userstoken` WRITE;
/*!40000 ALTER TABLE `userstoken` DISABLE KEYS */;
INSERT INTO `userstoken` VALUES ('Admin1','eyJhbGciOiJIUzI1NiJ9.eyJzdWIiOiJBZG1pbjEiLCJpYXQiOjE3NDYzNzMxODgsImV4cCI6MTc0NjQ1OTU4OH0.UvcD6SjYIbRyE-V2kUYcrJhH8wUr3IKA5Vfb0XYbTQs'),('MA000100','eyJhbGciOiJIUzI1NiJ9.eyJzdWIiOiJNQTAwMDEwMCIsImlhdCI6MTc0NTg1MzUyNywiZXhwIjoxNzQ1OTM5OTI3fQ.Pg8JApn2MQcbqL1CYfrSRUsV4sSEHdw3LOadVTEOkn0'),('ma000101','eyJhbGciOiJIUzI1NiJ9.eyJzdWIiOiJNQTAwMDEwMSIsImlhdCI6MTc0NjE1OTI0NCwiZXhwIjoxNzQ2MjQ1NjQ0fQ.hcCaEaOlgWU3aCywlY5ZdP1w71Nq_04JRCkm0wZuaZc'),('MA000102','eyJhbGciOiJIUzI1NiJ9.eyJzdWIiOiJNQTAwMDEwMiIsImlhdCI6MTc0NTg1MzM2OSwiZXhwIjoxNzQ1OTM5NzY5fQ.8dU7_xsTV-Oqc3Ev3SJBfWW5DGjF9fPsgOUKxio8VGk'),('MA000103','eyJhbGciOiJIUzI1NiJ9.eyJzdWIiOiJNQTAwMDEwMyIsImlhdCI6MTc0NTg1MzQ0MiwiZXhwIjoxNzQ1OTM5ODQyfQ.gAtC5NnAB5YBiMDY_adm2wB6A1u2qDm-dmf8VhQeBPk'),('manager1','eyJhbGciOiJIUzI1NiJ9.eyJzdWIiOiJNYW5hZ2VyMSIsImlhdCI6MTc0NjM0ODkxNywiZXhwIjoxNzQ2NDM1MzE3fQ.Brne2yFwloEv9gE6InQe33hmDQpNvpUS5LjpKEPOkQU'),('manager2','eyJhbGciOiJIUzI1NiJ9.eyJzdWIiOiJNYW5hZ2VyMiIsImlhdCI6MTc0NjM0ODg2NSwiZXhwIjoxNzQ2NDM1MjY1fQ.Lk7hihDzgQ7abuqHpGcPD-JJcZOL-v-G0wUYGph02jk'),('manager3','eyJhbGciOiJIUzI1NiJ9.eyJzdWIiOiJNYW5hZ2VyMyIsImlhdCI6MTc0NjM0ODg1MiwiZXhwIjoxNzQ2NDM1MjUyfQ.wAFflCD8kh-2yFxJY5NpYO3OHD3qIsc5tkjJE4aMPtU'),('MG000100','eyJhbGciOiJIUzI1NiJ9.eyJzdWIiOiJNRzAwMDEwMCIsImlhdCI6MTc0NTc2OTU0NiwiZXhwIjoxNzQ1ODU1OTQ2fQ.mgfXtJ1rI9X_Z9GVErleHmAoaLz0N4eF0-P8fGvWKWI'),('MM000100','eyJhbGciOiJIUzI1NiJ9.eyJzdWIiOiJNTTAwMDEwMCIsImlhdCI6MTc0NjM0ODQ5MSwiZXhwIjoxNzQ2NDM0ODkxfQ.a5qt3YLGBOxiLkMKjWC4AArW60VBLa6UeAptH1Rdpqo'),('MM000101','eyJhbGciOiJIUzI1NiJ9.eyJzdWIiOiJNTTAwMDEwMSIsImlhdCI6MTc0NTM0MTExOSwiZXhwIjoxNzQ1NDI3NTE5fQ.kFCmwsClsrB3SKJmzCDQ6qY4OqeGyF61qwzsbDRjwA0'),('MM000102','eyJhbGciOiJIUzI1NiJ9.eyJzdWIiOiJNTTAwMDEwMiIsImlhdCI6MTc0NTM0MDkwMCwiZXhwIjoxNzQ1NDI3MzAwfQ.BwCDwuheKYaTkK62sulfr-BYtUpGZnud-pz5kTlkDH8'),('MM000103','eyJhbGciOiJIUzI1NiJ9.eyJzdWIiOiJNTTAwMDEwMyIsImlhdCI6MTc0NTc2NDk2MiwiZXhwIjoxNzQ1ODUxMzYyfQ.XAP_NzW7Hb2Orafnss_0IWpBhZc-FeqipP1n1avoyg8'),('MM000104','eyJhbGciOiJIUzI1NiJ9.eyJzdWIiOiJNTTAwMDEwNCIsImlhdCI6MTc0NTg1MzYxNywiZXhwIjoxNzQ1OTQwMDE3fQ._TZIA45H8vOZrzMuUiAFsz39tyVWpG67GwzTWhcNin0'),('MP000100','eyJhbGciOiJIUzI1NiJ9.eyJzdWIiOiJNUDAwMDEwMCIsImlhdCI6MTc0NjE2ODMzMSwiZXhwIjoxNzQ2MjU0NzMxfQ.Ch5S3qs7qUNZMa-J00LP857odfhO6iPIk8dZ5nW-kQ4'),('pegawai1','eyJhbGciOiJIUzI1NiJ9.eyJzdWIiOiJQZWdhd2FpMSIsImlhdCI6MTc0NjM3MjkxNCwiZXhwIjoxNzQ2NDU5MzE0fQ.ftyChIiN55VlOH72rXJhhXc29lNLHZmrbhQ6gpWXOTQ');
/*!40000 ALTER TABLE `userstoken` ENABLE KEYS */;
UNLOCK TABLES;

--
-- Temporary view structure for view `usersview`
--

DROP TABLE IF EXISTS `usersview`;
/*!50001 DROP VIEW IF EXISTS `usersview`*/;
SET @saved_cs_client     = @@character_set_client;
/*!50503 SET character_set_client = utf8mb4 */;
/*!50001 CREATE VIEW `usersview` AS SELECT 
 1 AS `IDUSER`,
 1 AS `USERNAME`,
 1 AS `ROLE`,
 1 AS `STATUS`*/;
SET character_set_client = @saved_cs_client;

--
-- Table structure for table `workflow`
--

DROP TABLE IF EXISTS `workflow`;
/*!40101 SET @saved_cs_client     = @@character_set_client */;
/*!50503 SET character_set_client = utf8mb4 */;
CREATE TABLE `workflow` (
  `DOCNO` varchar(20) NOT NULL,
  `ID` int NOT NULL,
  `PARAREL` int NOT NULL,
  `ASSIGNNEDID` int DEFAULT NULL,
  `ASSIGNNEDNAME` varchar(20) DEFAULT NULL,
  `ASSIGNNEDACTION` varchar(20) DEFAULT NULL,
  `ACTION` varchar(20) DEFAULT NULL,
  `ACTIONDATE` datetime DEFAULT NULL,
  `REASON` varchar(100) DEFAULT NULL,
  PRIMARY KEY (`DOCNO`,`ID`,`PARAREL`)
) ENGINE=InnoDB DEFAULT CHARSET=utf8mb4 COLLATE=utf8mb4_0900_ai_ci;
/*!40101 SET character_set_client = @saved_cs_client */;

--
-- Dumping data for table `workflow`
--

LOCK TABLES `workflow` WRITE;
/*!40000 ALTER TABLE `workflow` DISABLE KEYS */;
INSERT INTO `workflow` VALUES ('1000100/1001/04/2025',1,1,1000101,'MM000101','APPROVE','REJECT','2025-04-19 20:17:04','Reason'),('1000100/1001/04/2025',1,2,1000100,'MM000100','APPROVE','REJECT','2025-04-19 20:17:04','REJECT BY MM000101'),('1000100/1003/04/2025',1,0,1000101,'MM000101','APPROVE','REJECT','2025-04-22 22:30:31','bad'),('1000100/1003/04/2025',2,0,1000100,'MM000100','APPROVE',NULL,NULL,NULL),('1000100/1003/04/2025',3,1,1000101,'MM000101','APPROVE',NULL,NULL,NULL),('1000100/1003/04/2025',3,2,1000100,'MM000100','APPROVE',NULL,NULL,NULL),('1000100/1004/04/2025',1,0,1000101,'MM000101','APPROVE','REJECT','2025-04-22 22:30:42','bad cok'),('1000100/1004/04/2025',2,1,1000100,'MM000100','APPROVE',NULL,NULL,NULL),('1000100/1004/04/2025',2,2,1000101,'MM000101','APPROVE',NULL,NULL,NULL),('1000100/1004/04/2025',3,0,1000100,'MM000100','APPROVE',NULL,NULL,NULL),('1000100/1006/04/2025',1,0,1000101,'MM000101','APPROVE','APPROVE','2025-04-22 22:33:19','Baik saya terima terima bunga yang ditawarkan '),('1000100/1006/04/2025',2,1,1000102,'MM000102','APPROVE','APPROVE','2025-04-22 23:55:53','baiklah, approve peminjaman user MM000101'),('1000100/1006/04/2025',2,2,1000103,'MM000103','APPROVE','APPROVE','2025-04-22 23:55:53','APPROVE BY MM000102'),('1000100/1006/04/2025',3,0,1000102,'MM000102','APPROVE','APPROVE','2025-04-22 23:56:26','sudah di approve bang'),('1000100/1006/04/2025',4,0,1000103,'MM000103','APPROVE','APPROVE','2025-04-22 23:57:44','acc breee'),('1000100/1007/04/2025',1,0,1000101,'MM000101','APPROVE',NULL,NULL,NULL),('1000100/1007/04/2025',2,1,1000102,'MM000102','APPROVE',NULL,NULL,NULL),('1000100/1007/04/2025',2,2,1000103,'MM000103','APPROVE',NULL,NULL,NULL),('1000100/1007/04/2025',3,0,1000102,'MM000102','APPROVE',NULL,NULL,NULL),('1000100/1007/04/2025',4,0,1000103,'MM000103','APPROVE',NULL,NULL,NULL),('1000100/1009/04/2025',1,1,4000100,'MP000100','APPROVE',NULL,NULL,NULL),('1000100/1009/04/2025',2,1,3000100,'MA000100','APPROVE',NULL,NULL,NULL),('1000100/1009/04/2025',3,1,3000101,'MA000101','APPROVE',NULL,NULL,NULL),('1000100/1009/04/2025',3,2,3000102,'MA000102','APPROVE',NULL,NULL,NULL),('1000100/1009/04/2025',4,1,3000103,'MA000103','APPROVE',NULL,NULL,NULL),('1000100/1009/04/2025',4,2,3000104,'MA000104','APPROVE',NULL,NULL,NULL),('1000100/1009/04/2025',5,1,3000100,'MA000100','APPROVE',NULL,NULL,NULL),('1000100/1011/04/2025',1,0,4000100,'MP000100','APPROVE','APPROVE','2025-05-02 14:16:53','saya sanggup'),('1000100/1011/04/2025',2,1,3000100,'MA000100','APPROVE',NULL,NULL,NULL),('1000100/1011/04/2025',2,2,3000101,'MA000101','APPROVE',NULL,NULL,NULL),('1000100/1011/04/2025',2,3,3000102,'MA000102','APPROVE',NULL,NULL,NULL),('1000100/1011/04/2025',3,0,3000104,'MA000104','APPROVE',NULL,NULL,NULL),('1000100/1011/05/2025',1,1,3000101,'MA000101','APPROVE',NULL,NULL,NULL),('1000100/1011/05/2025',1,2,3000102,'MA000102','APPROVE',NULL,NULL,NULL),('1000100/1011/05/2025',2,1,3000103,'MA000103','APPROVE',NULL,NULL,NULL),('1000100/1011/05/2025',2,2,3000104,'MA000104','APPROVE',NULL,NULL,NULL),('1000100/1012/05/2025',1,0,4000100,'MP000100','APPROVE','REJECT','2025-05-02 13:47:35','rejected'),('1000100/1012/05/2025',2,1,3000101,'MA000101','APPROVE',NULL,NULL,NULL),('1000100/1012/05/2025',2,2,3000102,'MA000102','APPROVE',NULL,NULL,NULL),('1000100/1012/05/2025',3,1,3000103,'MA000103','APPROVE',NULL,NULL,NULL),('1000100/1012/05/2025',3,2,3000104,'MA000104','APPROVE',NULL,NULL,NULL),('1000100/1013/05/2025',1,0,4000100,'MP000100','APPROVE','REJECT','2025-05-02 11:10:56','gede bet bunganya'),('1000100/1013/05/2025',2,1,3000101,'MA000101','APPROVE',NULL,NULL,NULL),('1000100/1013/05/2025',2,2,3000102,'MA000102','APPROVE',NULL,NULL,NULL),('1000100/1013/05/2025',3,0,3000100,'MA000100','APPROVE',NULL,NULL,NULL),('1000101/1002/04/2025',1,0,1000101,'MM000101','APPROVE','REJECT','2025-04-22 22:30:55','too bad '),('1000101/1002/04/2025',2,0,1000100,'MM000100','APPROVE',NULL,NULL,NULL),('1000101/1005/04/2025',1,0,1000101,'MM000101','APPROVE','APPROVE','2025-04-22 22:00:54','acc boss'),('1000101/1005/04/2025',2,1,1000100,'MM000100','APPROVE','REJECT','2025-04-22 22:30:21','REJECT BY MM000101'),('1000101/1005/04/2025',2,2,1000101,'MM000101','APPROVE','REJECT','2025-04-22 22:30:21','bad ah'),('1000101/1005/04/2025',3,0,1000100,'MM000100','APPROVE',NULL,NULL,NULL),('1000104/1008/04/2025',1,0,2000100,'MG000100','APPROVE','APPROVE','2025-04-27 22:59:28','saya sanggup'),('1000104/1008/04/2025',2,1,1000101,'MM000101','APPROVE',NULL,NULL,NULL),('1000104/1008/04/2025',2,2,1000100,'MM000100','APPROVE',NULL,NULL,NULL),('1000104/1008/04/2025',3,1,1000103,'MM000103','APPROVE',NULL,NULL,NULL),('1000104/1008/04/2025',3,2,1000102,'MM000102','APPROVE',NULL,NULL,NULL),('1000104/1008/04/2025',4,0,1000104,'MM000104','APPROVE',NULL,NULL,NULL),('1000104/1009/04/2025',1,0,4000100,'MP000100','APPROVE','APPROVE','2025-04-28 22:15:13','saya sanggup'),('1000104/1009/04/2025',2,1,3000101,'MA000101','APPROVE','APPROVE','2025-04-28 22:16:28','APPROVE BY MA000102'),('1000104/1009/04/2025',2,2,3000102,'MA000102','APPROVE','APPROVE','2025-04-28 22:16:28','app dari manager 2'),('1000104/1009/04/2025',3,1,3000103,'MA000103','APPROVE','APPROVE','2025-04-28 22:17:52','acc dari manager 3'),('1000104/1009/04/2025',3,2,3000104,'MA000104','APPROVE','APPROVE','2025-04-28 22:17:52','APPROVE BY MA000103'),('1000104/1009/04/2025',4,0,3000100,'MA000100','APPROVE','APPROVE','2025-04-28 22:19:04','acc end'),('1000105/1014/05/2025',1,0,4000101,'Pegawai1','APPROVE','APPROVE','2025-05-04 15:53:34','Saya sanggup membayar pinjaman dana tersebut'),('1000105/1014/05/2025',2,1,3000106,'Manager2','APPROVE','APPROVE','2025-05-04 15:54:52','Saya approve pinjaman dana pegawai1'),('1000105/1014/05/2025',2,2,3000107,'Manager3','APPROVE','APPROVE','2025-05-04 15:54:52','APPROVE BY Manager2'),('1000105/1014/05/2025',3,0,3000105,'Manager1','APPROVE','APPROVE','2025-05-04 15:55:56','Saya menyetujui permohonan pinjaman tersebut');
/*!40000 ALTER TABLE `workflow` ENABLE KEYS */;
UNLOCK TABLES;

--
-- Dumping events for database 'datapenyimpanan'
--

--
-- Dumping routines for database 'datapenyimpanan'
--

--
-- Final view structure for view `usersview`
--

/*!50001 DROP VIEW IF EXISTS `usersview`*/;
/*!50001 SET @saved_cs_client          = @@character_set_client */;
/*!50001 SET @saved_cs_results         = @@character_set_results */;
/*!50001 SET @saved_col_connection     = @@collation_connection */;
/*!50001 SET character_set_client      = utf8mb4 */;
/*!50001 SET character_set_results     = utf8mb4 */;
/*!50001 SET collation_connection      = utf8mb4_0900_ai_ci */;
/*!50001 CREATE ALGORITHM=UNDEFINED */
/*!50013 DEFINER=`root`@`localhost` SQL SECURITY DEFINER */
/*!50001 VIEW `usersview` AS select `users`.`IDUSER` AS `IDUSER`,`users`.`USERNAME` AS `USERNAME`,`users`.`ROLE` AS `ROLE`,`users`.`STATUS` AS `STATUS` from `users` */;
/*!50001 SET character_set_client      = @saved_cs_client */;
/*!50001 SET character_set_results     = @saved_cs_results */;
/*!50001 SET collation_connection      = @saved_col_connection */;
/*!40103 SET TIME_ZONE=@OLD_TIME_ZONE */;

/*!40101 SET SQL_MODE=@OLD_SQL_MODE */;
/*!40014 SET FOREIGN_KEY_CHECKS=@OLD_FOREIGN_KEY_CHECKS */;
/*!40014 SET UNIQUE_CHECKS=@OLD_UNIQUE_CHECKS */;
/*!40101 SET CHARACTER_SET_CLIENT=@OLD_CHARACTER_SET_CLIENT */;
/*!40101 SET CHARACTER_SET_RESULTS=@OLD_CHARACTER_SET_RESULTS */;
/*!40101 SET COLLATION_CONNECTION=@OLD_COLLATION_CONNECTION */;
/*!40111 SET SQL_NOTES=@OLD_SQL_NOTES */;

-- Dump completed on 2026-03-10 23:05:17
